"variant","semana","ano","n","freq","Actualizacion","Fuente"
"VOI Epsilon",28,2020,1,1,"2022/12/23 03:07:16","GISAID: https://www.gisaid.org/"
"VOI Epsilon",38,2020,1,1,"2022/12/23 03:07:16","GISAID: https://www.gisaid.org/"
"VOC Delta",39,2020,1,1,"2022/12/23 03:07:16","GISAID: https://www.gisaid.org/"
"VOI Epsilon",46,2020,1,1,"2022/12/23 03:07:16","GISAID: https://www.gisaid.org/"
"VOI Epsilon",47,2020,2,1,"2022/12/23 03:07:16","GISAID: https://www.gisaid.org/"
"VOI Epsilon",48,2020,5,1,"2022/12/23 03:07:16","GISAID: https://www.gisaid.org/"
"VOI Epsilon",49,2020,9,1,"2022/12/23 03:07:16","GISAID: https://www.gisaid.org/"
"VOI Epsilon",50,2020,15,1,"2022/12/23 03:07:16","GISAID: https://www.gisaid.org/"
"VOI Epsilon",51,2020,18,1,"2022/12/23 03:07:16","GISAID: https://www.gisaid.org/"
"VOI Epsilon",52,2020,10,1,"2022/12/23 03:07:16","GISAID: https://www.gisaid.org/"
"VOC Alpha",53,2020,1,0.25,"2022/12/23 03:07:16","GISAID: https://www.gisaid.org/"
"VOI Epsilon",53,2020,3,0.75,"2022/12/23 03:07:16","GISAID: https://www.gisaid.org/"
"VOC Delta",1,2021,1,0.08333333333333333,"2022/12/23 03:07:16","GISAID: https://www.gisaid.org/"
"VOI Zeta",1,2021,4,0.3333333333333333,"2022/12/23 03:07:16","GISAID: https://www.gisaid.org/"
"VOI Epsilon",1,2021,7,0.5833333333333334,"2022/12/23 03:07:16","GISAID: https://www.gisaid.org/"
"VOC Alpha",2,2021,1,0.08333333333333333,"2022/12/23 03:07:16","GISAID: https://www.gisaid.org/"
"VOI Zeta",2,2021,4,0.3333333333333333,"2022/12/23 03:07:16","GISAID: https://www.gisaid.org/"
"VOI Epsilon",2,2021,7,0.5833333333333334,"2022/12/23 03:07:16","GISAID: https://www.gisaid.org/"
"VOC Delta",3,2021,2,0.06896551724137931,"2022/12/23 03:07:16","GISAID: https://www.gisaid.org/"
"VOC Alpha",3,2021,4,0.13793103448275862,"2022/12/23 03:07:16","GISAID: https://www.gisaid.org/"
"VOI Zeta",3,2021,5,0.1724137931034483,"2022/12/23 03:07:16","GISAID: https://www.gisaid.org/"
"VOI Epsilon",3,2021,18,0.6206896551724138,"2022/12/23 03:07:16","GISAID: https://www.gisaid.org/"
"VOC Alpha",4,2021,1,0.05263157894736842,"2022/12/23 03:07:16","GISAID: https://www.gisaid.org/"
"VOC Delta",4,2021,1,0.05263157894736842,"2022/12/23 03:07:16","GISAID: https://www.gisaid.org/"
"VOC Gamma",4,2021,1,0.05263157894736842,"2022/12/23 03:07:16","GISAID: https://www.gisaid.org/"
"VOI Zeta",4,2021,3,0.15789473684210525,"2022/12/23 03:07:16","GISAID: https://www.gisaid.org/"
"VOI Epsilon",4,2021,13,0.6842105263157895,"2022/12/23 03:07:16","GISAID: https://www.gisaid.org/"
"VOC Alpha",5,2021,1,0.07142857142857142,"2022/12/23 03:07:16","GISAID: https://www.gisaid.org/"
"VOC Delta",5,2021,1,0.07142857142857142,"2022/12/23 03:07:16","GISAID: https://www.gisaid.org/"
"VOC Gamma",5,2021,1,0.07142857142857142,"2022/12/23 03:07:16","GISAID: https://www.gisaid.org/"
"VOI Zeta",5,2021,2,0.14285714285714285,"2022/12/23 03:07:16","GISAID: https://www.gisaid.org/"
"VOI Epsilon",5,2021,9,0.6428571428571429,"2022/12/23 03:07:16","GISAID: https://www.gisaid.org/"
"VOI Iota",6,2021,1,0.037037037037037035,"2022/12/23 03:07:16","GISAID: https://www.gisaid.org/"
"VOI Zeta",6,2021,2,0.07407407407407407,"2022/12/23 03:07:16","GISAID: https://www.gisaid.org/"
"VOC Alpha",6,2021,3,0.1111111111111111,"2022/12/23 03:07:16","GISAID: https://www.gisaid.org/"
"VOI Epsilon",6,2021,21,0.7777777777777778,"2022/12/23 03:07:16","GISAID: https://www.gisaid.org/"
"VOI Zeta",7,2021,6,0.15,"2022/12/23 03:07:16","GISAID: https://www.gisaid.org/"
"VOC Alpha",7,2021,8,0.2,"2022/12/23 03:07:16","GISAID: https://www.gisaid.org/"
"VOI Epsilon",7,2021,26,0.65,"2022/12/23 03:07:16","GISAID: https://www.gisaid.org/"
"VOC Delta",8,2021,1,0.037037037037037035,"2022/12/23 03:07:16","GISAID: https://www.gisaid.org/"
"VOC Gamma",8,2021,1,0.037037037037037035,"2022/12/23 03:07:16","GISAID: https://www.gisaid.org/"
"VOC Alpha",8,2021,4,0.14814814814814814,"2022/12/23 03:07:16","GISAID: https://www.gisaid.org/"
"VOI Epsilon",8,2021,21,0.7777777777777778,"2022/12/23 03:07:16","GISAID: https://www.gisaid.org/"
"VOC Delta",9,2021,1,0.01694915254237288,"2022/12/23 03:07:16","GISAID: https://www.gisaid.org/"
"VOI Iota",9,2021,1,0.01694915254237288,"2022/12/23 03:07:16","GISAID: https://www.gisaid.org/"
"VOI Zeta",9,2021,2,0.03389830508474576,"2022/12/23 03:07:16","GISAID: https://www.gisaid.org/"
"VOC Alpha",9,2021,13,0.22033898305084745,"2022/12/23 03:07:16","GISAID: https://www.gisaid.org/"
"VOI Epsilon",9,2021,42,0.711864406779661,"2022/12/23 03:07:16","GISAID: https://www.gisaid.org/"
"VOC Delta",10,2021,1,0.020833333333333332,"2022/12/23 03:07:16","GISAID: https://www.gisaid.org/"
"VOI Iota",10,2021,1,0.020833333333333332,"2022/12/23 03:07:16","GISAID: https://www.gisaid.org/"
"VOC Gamma",10,2021,2,0.041666666666666664,"2022/12/23 03:07:16","GISAID: https://www.gisaid.org/"
"VOC Alpha",10,2021,14,0.2916666666666667,"2022/12/23 03:07:16","GISAID: https://www.gisaid.org/"
"VOI Epsilon",10,2021,30,0.625,"2022/12/23 03:07:16","GISAID: https://www.gisaid.org/"
"VOC Gamma",11,2021,1,0.020833333333333332,"2022/12/23 03:07:16","GISAID: https://www.gisaid.org/"
"VOI Iota",11,2021,2,0.041666666666666664,"2022/12/23 03:07:16","GISAID: https://www.gisaid.org/"
"VOI Zeta",11,2021,2,0.041666666666666664,"2022/12/23 03:07:16","GISAID: https://www.gisaid.org/"
"VOI Kappa",11,2021,3,0.0625,"2022/12/23 03:07:16","GISAID: https://www.gisaid.org/"
"VOC Alpha",11,2021,13,0.2708333333333333,"2022/12/23 03:07:16","GISAID: https://www.gisaid.org/"
"VOI Epsilon",11,2021,27,0.5625,"2022/12/23 03:07:16","GISAID: https://www.gisaid.org/"
"VOC Delta",12,2021,1,0.0196078431372549,"2022/12/23 03:07:16","GISAID: https://www.gisaid.org/"
"VOI Iota",12,2021,2,0.0392156862745098,"2022/12/23 03:07:16","GISAID: https://www.gisaid.org/"
"VOC Gamma",12,2021,5,0.09803921568627451,"2022/12/23 03:07:16","GISAID: https://www.gisaid.org/"
"VOC Alpha",12,2021,19,0.37254901960784315,"2022/12/23 03:07:16","GISAID: https://www.gisaid.org/"
"VOI Epsilon",12,2021,24,0.47058823529411764,"2022/12/23 03:07:16","GISAID: https://www.gisaid.org/"
"VOC Beta",13,2021,1,0.021739130434782608,"2022/12/23 03:07:16","GISAID: https://www.gisaid.org/"
"VOI Iota",13,2021,1,0.021739130434782608,"2022/12/23 03:07:16","GISAID: https://www.gisaid.org/"
"VOC Alpha",13,2021,14,0.30434782608695654,"2022/12/23 03:07:16","GISAID: https://www.gisaid.org/"
"VOC Gamma",13,2021,14,0.30434782608695654,"2022/12/23 03:07:16","GISAID: https://www.gisaid.org/"
"VOI Epsilon",13,2021,16,0.34782608695652173,"2022/12/23 03:07:16","GISAID: https://www.gisaid.org/"
"VOI Kappa",14,2021,1,0.0125,"2022/12/23 03:07:16","GISAID: https://www.gisaid.org/"
"VOI Lambda",14,2021,1,0.0125,"2022/12/23 03:07:16","GISAID: https://www.gisaid.org/"
"VOI Iota",14,2021,3,0.0375,"2022/12/23 03:07:16","GISAID: https://www.gisaid.org/"
"VOC Beta",14,2021,4,0.05,"2022/12/23 03:07:16","GISAID: https://www.gisaid.org/"
"VOC Gamma",14,2021,8,0.1,"2022/12/23 03:07:16","GISAID: https://www.gisaid.org/"
"VOI Epsilon",14,2021,23,0.2875,"2022/12/23 03:07:16","GISAID: https://www.gisaid.org/"
"VOC Alpha",14,2021,40,0.5,"2022/12/23 03:07:16","GISAID: https://www.gisaid.org/"
"VOI Iota",15,2021,2,0.019801980198019802,"2022/12/23 03:07:16","GISAID: https://www.gisaid.org/"
"VOI Lambda",15,2021,4,0.039603960396039604,"2022/12/23 03:07:16","GISAID: https://www.gisaid.org/"
"VOI Epsilon",15,2021,22,0.21782178217821782,"2022/12/23 03:07:16","GISAID: https://www.gisaid.org/"
"VOC Gamma",15,2021,24,0.2376237623762376,"2022/12/23 03:07:16","GISAID: https://www.gisaid.org/"
"VOC Alpha",15,2021,49,0.48514851485148514,"2022/12/23 03:07:16","GISAID: https://www.gisaid.org/"
"VOC Delta",16,2021,1,0.006622516556291391,"2022/12/23 03:07:16","GISAID: https://www.gisaid.org/"
"VOC Beta",16,2021,2,0.013245033112582781,"2022/12/23 03:07:16","GISAID: https://www.gisaid.org/"
"VOI Iota",16,2021,2,0.013245033112582781,"2022/12/23 03:07:16","GISAID: https://www.gisaid.org/"
"VOI Mu",16,2021,3,0.019867549668874173,"2022/12/23 03:07:16","GISAID: https://www.gisaid.org/"
"VOI Lambda",16,2021,10,0.06622516556291391,"2022/12/23 03:07:16","GISAID: https://www.gisaid.org/"
"VOI Epsilon",16,2021,29,0.19205298013245034,"2022/12/23 03:07:16","GISAID: https://www.gisaid.org/"
"VOC Gamma",16,2021,35,0.23178807947019867,"2022/12/23 03:07:16","GISAID: https://www.gisaid.org/"
"VOC Alpha",16,2021,69,0.45695364238410596,"2022/12/23 03:07:16","GISAID: https://www.gisaid.org/"
"VOI Kappa",17,2021,1,0.005076142131979695,"2022/12/23 03:07:16","GISAID: https://www.gisaid.org/"
"VOI Iota",17,2021,3,0.015228426395939087,"2022/12/23 03:07:16","GISAID: https://www.gisaid.org/"
"VOI Mu",17,2021,5,0.025380710659898477,"2022/12/23 03:07:16","GISAID: https://www.gisaid.org/"
"VOC Beta",17,2021,6,0.030456852791878174,"2022/12/23 03:07:16","GISAID: https://www.gisaid.org/"
"VOI Lambda",17,2021,15,0.07614213197969544,"2022/12/23 03:07:16","GISAID: https://www.gisaid.org/"
"VOI Epsilon",17,2021,18,0.09137055837563451,"2022/12/23 03:07:16","GISAID: https://www.gisaid.org/"
"VOC Gamma",17,2021,56,0.28426395939086296,"2022/12/23 03:07:16","GISAID: https://www.gisaid.org/"
"VOC Alpha",17,2021,93,0.4720812182741117,"2022/12/23 03:07:16","GISAID: https://www.gisaid.org/"
"VOC Beta",18,2021,4,0.011428571428571429,"2022/12/23 03:07:16","GISAID: https://www.gisaid.org/"
"VOI Iota",18,2021,4,0.011428571428571429,"2022/12/23 03:07:16","GISAID: https://www.gisaid.org/"
"VOI Lambda",18,2021,7,0.02,"2022/12/23 03:07:16","GISAID: https://www.gisaid.org/"
"VOC Delta",18,2021,11,0.03142857142857143,"2022/12/23 03:07:16","GISAID: https://www.gisaid.org/"
"VOI Mu",18,2021,11,0.03142857142857143,"2022/12/23 03:07:16","GISAID: https://www.gisaid.org/"
"VOI Epsilon",18,2021,31,0.08857142857142856,"2022/12/23 03:07:16","GISAID: https://www.gisaid.org/"
"VOC Gamma",18,2021,103,0.29428571428571426,"2022/12/23 03:07:16","GISAID: https://www.gisaid.org/"
"VOC Alpha",18,2021,179,0.5114285714285715,"2022/12/23 03:07:16","GISAID: https://www.gisaid.org/"
"VOC Beta",19,2021,1,0.0035460992907801418,"2022/12/23 03:07:16","GISAID: https://www.gisaid.org/"
"VOI Iota",19,2021,6,0.02127659574468085,"2022/12/23 03:07:16","GISAID: https://www.gisaid.org/"
"VOI Lambda",19,2021,7,0.024822695035460994,"2022/12/23 03:07:16","GISAID: https://www.gisaid.org/"
"VOI Mu",19,2021,15,0.05319148936170213,"2022/12/23 03:07:16","GISAID: https://www.gisaid.org/"
"VOC Delta",19,2021,17,0.06028368794326241,"2022/12/23 03:07:16","GISAID: https://www.gisaid.org/"
"VOI Epsilon",19,2021,17,0.06028368794326241,"2022/12/23 03:07:16","GISAID: https://www.gisaid.org/"
"VOC Gamma",19,2021,91,0.32269503546099293,"2022/12/23 03:07:16","GISAID: https://www.gisaid.org/"
"VOC Alpha",19,2021,128,0.45390070921985815,"2022/12/23 03:07:16","GISAID: https://www.gisaid.org/"
"VOC Beta",20,2021,1,0.0020325203252032522,"2022/12/23 03:07:16","GISAID: https://www.gisaid.org/"
"VOI Iota",20,2021,10,0.02032520325203252,"2022/12/23 03:07:16","GISAID: https://www.gisaid.org/"
"VOI Lambda",20,2021,10,0.02032520325203252,"2022/12/23 03:07:16","GISAID: https://www.gisaid.org/"
"VOI Epsilon",20,2021,11,0.022357723577235773,"2022/12/23 03:07:16","GISAID: https://www.gisaid.org/"
"VOC Delta",20,2021,18,0.036585365853658534,"2022/12/23 03:07:16","GISAID: https://www.gisaid.org/"
"VOI Mu",20,2021,24,0.04878048780487805,"2022/12/23 03:07:16","GISAID: https://www.gisaid.org/"
"VOC Alpha",20,2021,187,0.3800813008130081,"2022/12/23 03:07:16","GISAID: https://www.gisaid.org/"
"VOC Gamma",20,2021,231,0.4695121951219512,"2022/12/23 03:07:16","GISAID: https://www.gisaid.org/"
"VOI Kappa",21,2021,1,0.002457002457002457,"2022/12/23 03:07:16","GISAID: https://www.gisaid.org/"
"VOI Zeta",21,2021,2,0.004914004914004914,"2022/12/23 03:07:16","GISAID: https://www.gisaid.org/"
"VOI Iota",21,2021,3,0.007371007371007371,"2022/12/23 03:07:16","GISAID: https://www.gisaid.org/"
"VOI Lambda",21,2021,4,0.009828009828009828,"2022/12/23 03:07:16","GISAID: https://www.gisaid.org/"
"VOI Epsilon",21,2021,8,0.019656019656019656,"2022/12/23 03:07:16","GISAID: https://www.gisaid.org/"
"VOI Mu",21,2021,10,0.02457002457002457,"2022/12/23 03:07:16","GISAID: https://www.gisaid.org/"
"VOC Delta",21,2021,41,0.10073710073710074,"2022/12/23 03:07:16","GISAID: https://www.gisaid.org/"
"VOC Alpha",21,2021,152,0.37346437346437344,"2022/12/23 03:07:16","GISAID: https://www.gisaid.org/"
"VOC Gamma",21,2021,186,0.457002457002457,"2022/12/23 03:07:16","GISAID: https://www.gisaid.org/"
"VOI Kappa",22,2021,1,0.0011614401858304297,"2022/12/23 03:07:16","GISAID: https://www.gisaid.org/"
"VOI Epsilon",22,2021,9,0.010452961672473868,"2022/12/23 03:07:16","GISAID: https://www.gisaid.org/"
"VOI Iota",22,2021,9,0.010452961672473868,"2022/12/23 03:07:16","GISAID: https://www.gisaid.org/"
"VOI Lambda",22,2021,15,0.017421602787456445,"2022/12/23 03:07:16","GISAID: https://www.gisaid.org/"
"VOI Mu",22,2021,29,0.03368176538908246,"2022/12/23 03:07:16","GISAID: https://www.gisaid.org/"
"VOC Delta",22,2021,121,0.140534262485482,"2022/12/23 03:07:16","GISAID: https://www.gisaid.org/"
"VOC Alpha",22,2021,245,0.2845528455284553,"2022/12/23 03:07:16","GISAID: https://www.gisaid.org/"
"VOC Gamma",22,2021,432,0.5017421602787456,"2022/12/23 03:07:16","GISAID: https://www.gisaid.org/"
"VOI Epsilon",23,2021,3,0.0039164490861618795,"2022/12/23 03:07:16","GISAID: https://www.gisaid.org/"
"VOI Iota",23,2021,3,0.0039164490861618795,"2022/12/23 03:07:16","GISAID: https://www.gisaid.org/"
"VOI Lambda",23,2021,19,0.024804177545691905,"2022/12/23 03:07:16","GISAID: https://www.gisaid.org/"
"VOI Mu",23,2021,22,0.028720626631853787,"2022/12/23 03:07:16","GISAID: https://www.gisaid.org/"
"VOC Delta",23,2021,106,0.13838120104438642,"2022/12/23 03:07:16","GISAID: https://www.gisaid.org/"
"VOC Alpha",23,2021,193,0.2519582245430809,"2022/12/23 03:07:16","GISAID: https://www.gisaid.org/"
"VOC Gamma",23,2021,420,0.5483028720626631,"2022/12/23 03:07:16","GISAID: https://www.gisaid.org/"
"VOI Iota",24,2021,4,0.006430868167202572,"2022/12/23 03:07:16","GISAID: https://www.gisaid.org/"
"VOI Epsilon",24,2021,8,0.012861736334405145,"2022/12/23 03:07:16","GISAID: https://www.gisaid.org/"
"VOI Lambda",24,2021,21,0.03376205787781351,"2022/12/23 03:07:16","GISAID: https://www.gisaid.org/"
"VOI Mu",24,2021,21,0.03376205787781351,"2022/12/23 03:07:16","GISAID: https://www.gisaid.org/"
"VOC Alpha",24,2021,128,0.2057877813504823,"2022/12/23 03:07:16","GISAID: https://www.gisaid.org/"
"VOC Delta",24,2021,188,0.3022508038585209,"2022/12/23 03:07:16","GISAID: https://www.gisaid.org/"
"VOC Gamma",24,2021,252,0.40514469453376206,"2022/12/23 03:07:16","GISAID: https://www.gisaid.org/"
"VOI Epsilon",25,2021,3,0.003389830508474576,"2022/12/23 03:07:16","GISAID: https://www.gisaid.org/"
"VOI Iota",25,2021,5,0.005649717514124294,"2022/12/23 03:07:16","GISAID: https://www.gisaid.org/"
"VOI Lambda",25,2021,27,0.030508474576271188,"2022/12/23 03:07:16","GISAID: https://www.gisaid.org/"
"VOI Mu",25,2021,39,0.04406779661016949,"2022/12/23 03:07:16","GISAID: https://www.gisaid.org/"
"VOC Alpha",25,2021,117,0.13220338983050847,"2022/12/23 03:07:16","GISAID: https://www.gisaid.org/"
"VOC Gamma",25,2021,277,0.3129943502824859,"2022/12/23 03:07:16","GISAID: https://www.gisaid.org/"
"VOC Delta",25,2021,417,0.4711864406779661,"2022/12/23 03:07:16","GISAID: https://www.gisaid.org/"
"VOI Iota",26,2021,2,0.002008032128514056,"2022/12/23 03:07:16","GISAID: https://www.gisaid.org/"
"VOI Epsilon",26,2021,4,0.004016064257028112,"2022/12/23 03:07:16","GISAID: https://www.gisaid.org/"
"VOI Lambda",26,2021,22,0.02208835341365462,"2022/12/23 03:07:16","GISAID: https://www.gisaid.org/"
"VOI Mu",26,2021,52,0.05220883534136546,"2022/12/23 03:07:16","GISAID: https://www.gisaid.org/"
"VOC Alpha",26,2021,60,0.060240963855421686,"2022/12/23 03:07:16","GISAID: https://www.gisaid.org/"
"VOC Gamma",26,2021,173,0.17369477911646586,"2022/12/23 03:07:16","GISAID: https://www.gisaid.org/"
"VOC Delta",26,2021,683,0.6857429718875502,"2022/12/23 03:07:16","GISAID: https://www.gisaid.org/"
"VOI Iota",27,2021,1,0.0010548523206751054,"2022/12/23 03:07:16","GISAID: https://www.gisaid.org/"
"VOI Lambda",27,2021,15,0.015822784810126583,"2022/12/23 03:07:16","GISAID: https://www.gisaid.org/"
"VOC Alpha",27,2021,40,0.04219409282700422,"2022/12/23 03:07:16","GISAID: https://www.gisaid.org/"
"VOI Mu",27,2021,66,0.06962025316455696,"2022/12/23 03:07:16","GISAID: https://www.gisaid.org/"
"VOC Gamma",27,2021,125,0.13185654008438819,"2022/12/23 03:07:16","GISAID: https://www.gisaid.org/"
"VOC Delta",27,2021,701,0.739451476793249,"2022/12/23 03:07:16","GISAID: https://www.gisaid.org/"
"VOI Lambda",28,2021,8,0.009237875288683603,"2022/12/23 03:07:16","GISAID: https://www.gisaid.org/"
"VOC Alpha",28,2021,22,0.025404157043879907,"2022/12/23 03:07:16","GISAID: https://www.gisaid.org/"
"VOI Mu",28,2021,44,0.050808314087759814,"2022/12/23 03:07:16","GISAID: https://www.gisaid.org/"
"VOC Gamma",28,2021,87,0.10046189376443418,"2022/12/23 03:07:16","GISAID: https://www.gisaid.org/"
"VOC Delta",28,2021,705,0.8140877598152425,"2022/12/23 03:07:16","GISAID: https://www.gisaid.org/"
"VOI Epsilon",29,2021,1,7.062146892655367e-4,"2022/12/23 03:07:16","GISAID: https://www.gisaid.org/"
"VOI Iota",29,2021,1,7.062146892655367e-4,"2022/12/23 03:07:16","GISAID: https://www.gisaid.org/"
"VOI Lambda",29,2021,12,0.00847457627118644,"2022/12/23 03:07:16","GISAID: https://www.gisaid.org/"
"VOC Alpha",29,2021,22,0.015536723163841809,"2022/12/23 03:07:16","GISAID: https://www.gisaid.org/"
"VOI Mu",29,2021,37,0.026129943502824857,"2022/12/23 03:07:16","GISAID: https://www.gisaid.org/"
"VOC Gamma",29,2021,88,0.062146892655367235,"2022/12/23 03:07:16","GISAID: https://www.gisaid.org/"
"VOC Delta",29,2021,1255,0.8862994350282486,"2022/12/23 03:07:16","GISAID: https://www.gisaid.org/"
"VOI Epsilon",30,2021,1,7.82472613458529e-4,"2022/12/23 03:07:16","GISAID: https://www.gisaid.org/"
"VOI Lambda",30,2021,7,0.005477308294209703,"2022/12/23 03:07:16","GISAID: https://www.gisaid.org/"
"VOC Alpha",30,2021,17,0.013302034428794992,"2022/12/23 03:07:16","GISAID: https://www.gisaid.org/"
"VOI Mu",30,2021,21,0.01643192488262911,"2022/12/23 03:07:16","GISAID: https://www.gisaid.org/"
"VOC Gamma",30,2021,68,0.053208137715179966,"2022/12/23 03:07:16","GISAID: https://www.gisaid.org/"
"VOC Delta",30,2021,1164,0.9107981220657277,"2022/12/23 03:07:16","GISAID: https://www.gisaid.org/"
"VOC Alpha",31,2021,5,0.0034891835310537334,"2022/12/23 03:07:16","GISAID: https://www.gisaid.org/"
"VOI Lambda",31,2021,7,0.004884856943475227,"2022/12/23 03:07:16","GISAID: https://www.gisaid.org/"
"VOI Mu",31,2021,21,0.01465457083042568,"2022/12/23 03:07:16","GISAID: https://www.gisaid.org/"
"VOC Gamma",31,2021,41,0.028611304954640614,"2022/12/23 03:07:16","GISAID: https://www.gisaid.org/"
"VOC Delta",31,2021,1359,0.9483600837404047,"2022/12/23 03:07:16","GISAID: https://www.gisaid.org/"
"VOC Alpha",32,2021,2,0.0018656716417910447,"2022/12/23 03:07:16","GISAID: https://www.gisaid.org/"
"VOI Lambda",32,2021,4,0.0037313432835820895,"2022/12/23 03:07:16","GISAID: https://www.gisaid.org/"
"VOI Mu",32,2021,8,0.007462686567164179,"2022/12/23 03:07:16","GISAID: https://www.gisaid.org/"
"VOC Gamma",32,2021,17,0.01585820895522388,"2022/12/23 03:07:16","GISAID: https://www.gisaid.org/"
"VOC Delta",32,2021,1041,0.9710820895522388,"2022/12/23 03:07:16","GISAID: https://www.gisaid.org/"
"VOC Alpha",33,2021,2,0.001524390243902439,"2022/12/23 03:07:16","GISAID: https://www.gisaid.org/"
"VOI Lambda",33,2021,3,0.0022865853658536584,"2022/12/23 03:07:16","GISAID: https://www.gisaid.org/"
"VOI Mu",33,2021,8,0.006097560975609756,"2022/12/23 03:07:16","GISAID: https://www.gisaid.org/"
"VOC Gamma",33,2021,21,0.01600609756097561,"2022/12/23 03:07:16","GISAID: https://www.gisaid.org/"
"VOC Delta",33,2021,1278,0.9740853658536586,"2022/12/23 03:07:16","GISAID: https://www.gisaid.org/"
"VOC Alpha",34,2021,1,0.0010718113612004287,"2022/12/23 03:07:16","GISAID: https://www.gisaid.org/"
"VOI Mu",34,2021,3,0.003215434083601286,"2022/12/23 03:07:16","GISAID: https://www.gisaid.org/"
"VOC Gamma",34,2021,8,0.00857449088960343,"2022/12/23 03:07:16","GISAID: https://www.gisaid.org/"
"VOC Delta",34,2021,921,0.9871382636655949,"2022/12/23 03:07:16","GISAID: https://www.gisaid.org/"
"VOC Alpha",35,2021,1,0.00081766148814390845,"2022/12/23 03:07:16","GISAID: https://www.gisaid.org/"
"VOI Mu",35,2021,2,0.001635322976287817,"2022/12/23 03:07:16","GISAID: https://www.gisaid.org/"
"VOC Gamma",35,2021,9,0.007358953393295176,"2022/12/23 03:07:16","GISAID: https://www.gisaid.org/"
"VOC Delta",35,2021,1211,0.9901880621422731,"2022/12/23 03:07:16","GISAID: https://www.gisaid.org/"
"VOI Mu",36,2021,1,9.017132551848512e-4,"2022/12/23 03:07:16","GISAID: https://www.gisaid.org/"
"VOC Gamma",36,2021,5,0.004508566275924256,"2022/12/23 03:07:16","GISAID: https://www.gisaid.org/"
"VOC Delta",36,2021,1103,0.9945897204688909,"2022/12/23 03:07:16","GISAID: https://www.gisaid.org/"
"VOI Mu",37,2021,1,9.737098344693282e-4,"2022/12/23 03:07:16","GISAID: https://www.gisaid.org/"
"VOC Gamma",37,2021,2,0.0019474196689386564,"2022/12/23 03:07:16","GISAID: https://www.gisaid.org/"
"VOC Delta",37,2021,1024,0.997078870496592,"2022/12/23 03:07:16","GISAID: https://www.gisaid.org/"
"VOI Mu",38,2021,1,7.639419404125286e-4,"2022/12/23 03:07:16","GISAID: https://www.gisaid.org/"
"VOC Gamma",38,2021,2,0.0015278838808250573,"2022/12/23 03:07:16","GISAID: https://www.gisaid.org/"
"VOC Delta",38,2021,1306,0.9977081741787625,"2022/12/23 03:07:16","GISAID: https://www.gisaid.org/"
"VOC Gamma",39,2021,2,0.0016,"2022/12/23 03:07:16","GISAID: https://www.gisaid.org/"
"VOC Delta",39,2021,1248,0.9984,"2022/12/23 03:07:16","GISAID: https://www.gisaid.org/"
"VOC Delta",40,2021,1078,1,"2022/12/23 03:07:16","GISAID: https://www.gisaid.org/"
"VOC Alpha",41,2021,1,0.001142857142857143,"2022/12/23 03:07:16","GISAID: https://www.gisaid.org/"
"VOC Delta",41,2021,874,0.9988571428571429,"2022/12/23 03:07:16","GISAID: https://www.gisaid.org/"
"VOC Delta",42,2021,960,1,"2022/12/23 03:07:16","GISAID: https://www.gisaid.org/"
"VOC Delta",43,2021,886,1,"2022/12/23 03:07:16","GISAID: https://www.gisaid.org/"
"VOC Delta",44,2021,849,1,"2022/12/23 03:07:16","GISAID: https://www.gisaid.org/"
"VOI Epsilon",45,2021,1,0.0014044943820224719,"2022/12/23 03:07:16","GISAID: https://www.gisaid.org/"
"VOI Mu",45,2021,1,0.0014044943820224719,"2022/12/23 03:07:16","GISAID: https://www.gisaid.org/"
"VOC Delta",45,2021,710,0.9971910112359551,"2022/12/23 03:07:16","GISAID: https://www.gisaid.org/"
"VOC Gamma",46,2021,1,0.0016638935108153079,"2022/12/23 03:07:16","GISAID: https://www.gisaid.org/"
"Omicron BA.1",46,2021,2,0.0033277870216306157,"2022/12/23 03:07:16","GISAID: https://www.gisaid.org/"
"VOC Delta",46,2021,598,0.9950083194675541,"2022/12/23 03:07:16","GISAID: https://www.gisaid.org/"
"Omicron BA.1",47,2021,1,0.0017452006980802793,"2022/12/23 03:07:16","GISAID: https://www.gisaid.org/"
"VOC Delta",47,2021,572,0.9982547993019197,"2022/12/23 03:07:16","GISAID: https://www.gisaid.org/"
"VOI Zeta",48,2021,1,0.0013550135501355014,"2022/12/23 03:07:16","GISAID: https://www.gisaid.org/"
"Omicron BA.1",48,2021,9,0.012195121951219513,"2022/12/23 03:07:16","GISAID: https://www.gisaid.org/"
"VOC Delta",48,2021,728,0.986449864498645,"2022/12/23 03:07:16","GISAID: https://www.gisaid.org/"
"Omicron (otros)",49,2021,1,0.0018281535648994515,"2022/12/23 03:07:16","GISAID: https://www.gisaid.org/"
"Omicron BA.1",49,2021,19,0.03473491773308958,"2022/12/23 03:07:16","GISAID: https://www.gisaid.org/"
"VOC Delta",49,2021,527,0.9634369287020109,"2022/12/23 03:07:16","GISAID: https://www.gisaid.org/"
"Omicron (otros)",50,2021,2,0.0022522522522522522,"2022/12/23 03:07:16","GISAID: https://www.gisaid.org/"
"Omicron BA.1",50,2021,186,0.20945945945945946,"2022/12/23 03:07:16","GISAID: https://www.gisaid.org/"
"VOC Delta",50,2021,700,0.7882882882882883,"2022/12/23 03:07:16","GISAID: https://www.gisaid.org/"
"VOC Delta",51,2021,413,0.379247015610652,"2022/12/23 03:07:16","GISAID: https://www.gisaid.org/"
"Omicron BA.1",51,2021,676,0.620752984389348,"2022/12/23 03:07:16","GISAID: https://www.gisaid.org/"
"Omicron (otros)",52,2021,16,0.008072653884964682,"2022/12/23 03:07:16","GISAID: https://www.gisaid.org/"
"VOC Delta",52,2021,403,0.20332996972754794,"2022/12/23 03:07:16","GISAID: https://www.gisaid.org/"
"Omicron BA.1",52,2021,1563,0.7885973763874874,"2022/12/23 03:07:16","GISAID: https://www.gisaid.org/"
"Omicron BA.4",1,2022,1,4.655493482309125e-4,"2022/12/23 03:07:16","GISAID: https://www.gisaid.org/"
"Omicron BA.5",1,2022,2,9.31098696461825e-4,"2022/12/23 03:07:16","GISAID: https://www.gisaid.org/"
"Omicron BA.2",1,2022,3,0.0013966480446927375,"2022/12/23 03:07:16","GISAID: https://www.gisaid.org/"
"Omicron (otros)",1,2022,6,0.002793296089385475,"2022/12/23 03:07:16","GISAID: https://www.gisaid.org/"
"VOC Delta",1,2022,129,0.06005586592178771,"2022/12/23 03:07:16","GISAID: https://www.gisaid.org/"
"Omicron BA.1",1,2022,2007,0.9343575418994413,"2022/12/23 03:07:16","GISAID: https://www.gisaid.org/"
"Omicron BA.2",2,2022,4,0.002489110143123833,"2022/12/23 03:07:16","GISAID: https://www.gisaid.org/"
"Omicron (otros)",2,2022,10,0.006222775357809583,"2022/12/23 03:07:16","GISAID: https://www.gisaid.org/"
"VOC Delta",2,2022,78,0.04853764779091475,"2022/12/23 03:07:16","GISAID: https://www.gisaid.org/"
"Omicron BA.1",2,2022,1515,0.9427504667081519,"2022/12/23 03:07:16","GISAID: https://www.gisaid.org/"
"Omicron BA.2",3,2022,3,0.0016402405686167304,"2022/12/23 03:07:16","GISAID: https://www.gisaid.org/"
"Omicron (otros)",3,2022,4,0.002186987424822307,"2022/12/23 03:07:16","GISAID: https://www.gisaid.org/"
"VOC Delta",3,2022,31,0.01694915254237288,"2022/12/23 03:07:16","GISAID: https://www.gisaid.org/"
"Omicron BA.1",3,2022,1791,0.9792236194641881,"2022/12/23 03:07:16","GISAID: https://www.gisaid.org/"
"Omicron (otros)",4,2022,2,0.0013504388926401081,"2022/12/23 03:07:16","GISAID: https://www.gisaid.org/"
"Omicron BA.2",4,2022,6,0.004051316677920324,"2022/12/23 03:07:16","GISAID: https://www.gisaid.org/"
"VOC Delta",4,2022,10,0.00675219446320054,"2022/12/23 03:07:16","GISAID: https://www.gisaid.org/"
"Omicron BA.1",4,2022,1463,0.987846049966239,"2022/12/23 03:07:16","GISAID: https://www.gisaid.org/"
"Omicron (otros)",5,2022,2,0.0017482517482517483,"2022/12/23 03:07:16","GISAID: https://www.gisaid.org/"
"Omicron BA.2",5,2022,4,0.0034965034965034965,"2022/12/23 03:07:16","GISAID: https://www.gisaid.org/"
"VOC Delta",5,2022,4,0.0034965034965034965,"2022/12/23 03:07:16","GISAID: https://www.gisaid.org/"
"Omicron BA.1",5,2022,1134,0.9912587412587412,"2022/12/23 03:07:16","GISAID: https://www.gisaid.org/"
"Omicron (otros)",6,2022,2,0.0023121387283236996,"2022/12/23 03:07:16","GISAID: https://www.gisaid.org/"
"Omicron BA.5",6,2022,2,0.0023121387283236996,"2022/12/23 03:07:16","GISAID: https://www.gisaid.org/"
"VOC Delta",6,2022,3,0.003468208092485549,"2022/12/23 03:07:16","GISAID: https://www.gisaid.org/"
"Omicron BA.2",6,2022,6,0.006936416184971098,"2022/12/23 03:07:16","GISAID: https://www.gisaid.org/"
"Omicron BA.1",6,2022,852,0.9849710982658959,"2022/12/23 03:07:16","GISAID: https://www.gisaid.org/"
"Omicron (otros)",7,2022,1,0.0013297872340425532,"2022/12/23 03:07:16","GISAID: https://www.gisaid.org/"
"VOC Delta",7,2022,1,0.0013297872340425532,"2022/12/23 03:07:16","GISAID: https://www.gisaid.org/"
"Omicron BA.2",7,2022,7,0.009308510638297872,"2022/12/23 03:07:16","GISAID: https://www.gisaid.org/"
"Omicron BA.1",7,2022,743,0.988031914893617,"2022/12/23 03:07:16","GISAID: https://www.gisaid.org/"
"VOC Delta",8,2022,1,0.0012300123001230013,"2022/12/23 03:07:16","GISAID: https://www.gisaid.org/"
"Omicron BA.2",8,2022,11,0.013530135301353014,"2022/12/23 03:07:16","GISAID: https://www.gisaid.org/"
"Omicron BA.1",8,2022,801,0.985239852398524,"2022/12/23 03:07:16","GISAID: https://www.gisaid.org/"
"VOC Delta",9,2022,2,0.003766478342749529,"2022/12/23 03:07:16","GISAID: https://www.gisaid.org/"
"Omicron BA.2",9,2022,15,0.02824858757062147,"2022/12/23 03:07:16","GISAID: https://www.gisaid.org/"
"Omicron BA.1",9,2022,514,0.967984934086629,"2022/12/23 03:07:16","GISAID: https://www.gisaid.org/"
"VOC Delta",10,2022,1,0.0030303030303030303,"2022/12/23 03:07:16","GISAID: https://www.gisaid.org/"
"Omicron (otros)",10,2022,3,0.00909090909090909,"2022/12/23 03:07:16","GISAID: https://www.gisaid.org/"
"Omicron BA.5",10,2022,6,0.01818181818181818,"2022/12/23 03:07:16","GISAID: https://www.gisaid.org/"
"Omicron BA.2",10,2022,33,0.1,"2022/12/23 03:07:16","GISAID: https://www.gisaid.org/"
"Omicron BA.1",10,2022,287,0.8696969696969697,"2022/12/23 03:07:16","GISAID: https://www.gisaid.org/"
"VOC Delta",11,2022,1,0.004524886877828055,"2022/12/23 03:07:16","GISAID: https://www.gisaid.org/"
"Omicron (otros)",11,2022,9,0.04072398190045249,"2022/12/23 03:07:16","GISAID: https://www.gisaid.org/"
"Omicron BA.2",11,2022,21,0.09502262443438914,"2022/12/23 03:07:16","GISAID: https://www.gisaid.org/"
"Omicron BA.1",11,2022,190,0.8597285067873304,"2022/12/23 03:07:16","GISAID: https://www.gisaid.org/"
"VOC Delta",12,2022,2,0.01020408163265306,"2022/12/23 03:07:16","GISAID: https://www.gisaid.org/"
"Omicron BA.2",12,2022,35,0.17857142857142858,"2022/12/23 03:07:16","GISAID: https://www.gisaid.org/"
"Omicron BA.1",12,2022,159,0.8112244897959183,"2022/12/23 03:07:16","GISAID: https://www.gisaid.org/"
"Omicron BA.2",13,2022,83,0.3577586206896552,"2022/12/23 03:07:16","GISAID: https://www.gisaid.org/"
"Omicron BA.1",13,2022,149,0.6422413793103449,"2022/12/23 03:07:16","GISAID: https://www.gisaid.org/"
"Omicron (otros)",14,2022,1,0.005,"2022/12/23 03:07:16","GISAID: https://www.gisaid.org/"
"Omicron BA.4",14,2022,1,0.005,"2022/12/23 03:07:16","GISAID: https://www.gisaid.org/"
"VOC Delta",14,2022,1,0.005,"2022/12/23 03:07:16","GISAID: https://www.gisaid.org/"
"Omicron BA.2",14,2022,98,0.49,"2022/12/23 03:07:16","GISAID: https://www.gisaid.org/"
"Omicron BA.1",14,2022,99,0.495,"2022/12/23 03:07:16","GISAID: https://www.gisaid.org/"
"VOC Delta",15,2022,2,0.016129032258064516,"2022/12/23 03:07:16","GISAID: https://www.gisaid.org/"
"Omicron BA.1",15,2022,46,0.3709677419354839,"2022/12/23 03:07:16","GISAID: https://www.gisaid.org/"
"Omicron BA.2",15,2022,76,0.6129032258064516,"2022/12/23 03:07:16","GISAID: https://www.gisaid.org/"
"Omicron BA.1",16,2022,51,0.23943661971830985,"2022/12/23 03:07:16","GISAID: https://www.gisaid.org/"
"Omicron BA.2",16,2022,162,0.7605633802816901,"2022/12/23 03:07:16","GISAID: https://www.gisaid.org/"
"Omicron BA.5",17,2022,1,0.0049261083743842365,"2022/12/23 03:07:16","GISAID: https://www.gisaid.org/"
"Omicron BA.1",17,2022,42,0.20689655172413793,"2022/12/23 03:07:16","GISAID: https://www.gisaid.org/"
"Omicron BA.2",17,2022,160,0.7881773399014779,"2022/12/23 03:07:16","GISAID: https://www.gisaid.org/"
"Omicron BA.4",18,2022,1,0.0034965034965034965,"2022/12/23 03:07:16","GISAID: https://www.gisaid.org/"
"Omicron BA.5",18,2022,1,0.0034965034965034965,"2022/12/23 03:07:16","GISAID: https://www.gisaid.org/"
"Omicron (otros)",18,2022,5,0.017482517482517484,"2022/12/23 03:07:16","GISAID: https://www.gisaid.org/"
"Omicron BA.1",18,2022,26,0.09090909090909091,"2022/12/23 03:07:16","GISAID: https://www.gisaid.org/"
"Omicron BA.2",18,2022,253,0.8846153846153846,"2022/12/23 03:07:16","GISAID: https://www.gisaid.org/"
"Omicron (otros)",19,2022,1,0.002564102564102564,"2022/12/23 03:07:16","GISAID: https://www.gisaid.org/"
"VOC Delta",19,2022,1,0.002564102564102564,"2022/12/23 03:07:16","GISAID: https://www.gisaid.org/"
"Omicron BA.4",19,2022,2,0.005128205128205128,"2022/12/23 03:07:16","GISAID: https://www.gisaid.org/"
"Omicron BA.5",19,2022,2,0.005128205128205128,"2022/12/23 03:07:16","GISAID: https://www.gisaid.org/"
"Omicron BA.1",19,2022,24,0.06153846153846154,"2022/12/23 03:07:16","GISAID: https://www.gisaid.org/"
"Omicron BA.2",19,2022,360,0.9230769230769231,"2022/12/23 03:07:16","GISAID: https://www.gisaid.org/"
"Omicron (otros)",20,2022,3,0.0057361376673040155,"2022/12/23 03:07:16","GISAID: https://www.gisaid.org/"
"Omicron BA.4",20,2022,5,0.009560229445506692,"2022/12/23 03:07:16","GISAID: https://www.gisaid.org/"
"Omicron BA.5",20,2022,8,0.015296367112810707,"2022/12/23 03:07:16","GISAID: https://www.gisaid.org/"
"Omicron BA.1",20,2022,18,0.03441682600382409,"2022/12/23 03:07:16","GISAID: https://www.gisaid.org/"
"Omicron BA.2",20,2022,489,0.9349904397705545,"2022/12/23 03:07:16","GISAID: https://www.gisaid.org/"
"VOC Delta",21,2022,1,0.0015337423312883436,"2022/12/23 03:07:16","GISAID: https://www.gisaid.org/"
"Omicron (otros)",21,2022,7,0.010736196319018405,"2022/12/23 03:07:16","GISAID: https://www.gisaid.org/"
"Omicron BA.1",21,2022,19,0.029141104294478526,"2022/12/23 03:07:16","GISAID: https://www.gisaid.org/"
"Omicron BA.4",21,2022,20,0.03067484662576687,"2022/12/23 03:07:16","GISAID: https://www.gisaid.org/"
"Omicron BA.5",21,2022,36,0.05521472392638037,"2022/12/23 03:07:16","GISAID: https://www.gisaid.org/"
"Omicron BA.2",21,2022,569,0.8726993865030674,"2022/12/23 03:07:16","GISAID: https://www.gisaid.org/"
"Omicron BA.1",22,2022,8,0.009592326139088728,"2022/12/23 03:07:16","GISAID: https://www.gisaid.org/"
"Omicron (otros)",22,2022,11,0.013189448441247002,"2022/12/23 03:07:16","GISAID: https://www.gisaid.org/"
"Omicron BA.4",22,2022,28,0.03357314148681055,"2022/12/23 03:07:16","GISAID: https://www.gisaid.org/"
"Omicron BA.5",22,2022,75,0.08992805755395683,"2022/12/23 03:07:16","GISAID: https://www.gisaid.org/"
"Omicron BA.2",22,2022,712,0.8537170263788969,"2022/12/23 03:07:16","GISAID: https://www.gisaid.org/"
"Omicron BA.1",23,2022,11,0.010721247563352826,"2022/12/23 03:07:16","GISAID: https://www.gisaid.org/"
"Omicron (otros)",23,2022,18,0.017543859649122806,"2022/12/23 03:07:16","GISAID: https://www.gisaid.org/"
"Omicron BA.4",23,2022,66,0.06432748538011696,"2022/12/23 03:07:16","GISAID: https://www.gisaid.org/"
"Omicron BA.5",23,2022,156,0.15204678362573099,"2022/12/23 03:07:16","GISAID: https://www.gisaid.org/"
"Omicron BA.2",23,2022,775,0.7553606237816765,"2022/12/23 03:07:16","GISAID: https://www.gisaid.org/"
"Omicron BA.1",24,2022,6,0.005172413793103448,"2022/12/23 03:07:16","GISAID: https://www.gisaid.org/"
"Omicron (otros)",24,2022,50,0.04310344827586207,"2022/12/23 03:07:16","GISAID: https://www.gisaid.org/"
"Omicron BA.4",24,2022,116,0.1,"2022/12/23 03:07:16","GISAID: https://www.gisaid.org/"
"Omicron BA.5",24,2022,280,0.2413793103448276,"2022/12/23 03:07:16","GISAID: https://www.gisaid.org/"
"Omicron BA.2",24,2022,708,0.6103448275862069,"2022/12/23 03:07:16","GISAID: https://www.gisaid.org/"
"Omicron (otros)",25,2022,84,0.06047516198704104,"2022/12/23 03:07:16","GISAID: https://www.gisaid.org/"
"Omicron BA.4",25,2022,169,0.1216702663786897,"2022/12/23 03:07:16","GISAID: https://www.gisaid.org/"
"Omicron BA.5",25,2022,556,0.40028797696184304,"2022/12/23 03:07:16","GISAID: https://www.gisaid.org/"
"Omicron BA.2",25,2022,580,0.4175665946724262,"2022/12/23 03:07:16","GISAID: https://www.gisaid.org/"
"Omicron BA.1",26,2022,1,6.476683937823834e-4,"2022/12/23 03:07:16","GISAID: https://www.gisaid.org/"
"Omicron (otros)",26,2022,115,0.0744818652849741,"2022/12/23 03:07:16","GISAID: https://www.gisaid.org/"
"Omicron BA.4",26,2022,184,0.11917098445595854,"2022/12/23 03:07:16","GISAID: https://www.gisaid.org/"
"Omicron BA.2",26,2022,431,0.27914507772020725,"2022/12/23 03:07:16","GISAID: https://www.gisaid.org/"
"Omicron BA.5",26,2022,813,0.5265544041450777,"2022/12/23 03:07:16","GISAID: https://www.gisaid.org/"
"Omicron BA.1",27,2022,1,9.478672985781991e-4,"2022/12/23 03:07:16","GISAID: https://www.gisaid.org/"
"Omicron (otros)",27,2022,109,0.1033175355450237,"2022/12/23 03:07:16","GISAID: https://www.gisaid.org/"
"Omicron BA.4",27,2022,138,0.13080568720379146,"2022/12/23 03:07:16","GISAID: https://www.gisaid.org/"
"Omicron BA.2",27,2022,155,0.14691943127962084,"2022/12/23 03:07:16","GISAID: https://www.gisaid.org/"
"Omicron BA.5",27,2022,652,0.6180094786729858,"2022/12/23 03:07:16","GISAID: https://www.gisaid.org/"
"Omicron BA.1",28,2022,2,0.0019212295869356388,"2022/12/23 03:07:16","GISAID: https://www.gisaid.org/"
"Omicron BA.4",28,2022,109,0.10470701248799232,"2022/12/23 03:07:16","GISAID: https://www.gisaid.org/"
"Omicron BA.2",28,2022,115,0.11047070124879924,"2022/12/23 03:07:16","GISAID: https://www.gisaid.org/"
"Omicron (otros)",28,2022,117,0.11239193083573487,"2022/12/23 03:07:16","GISAID: https://www.gisaid.org/"
"Omicron BA.5",28,2022,698,0.6705091258405379,"2022/12/23 03:07:16","GISAID: https://www.gisaid.org/"
"Omicron BA.2",29,2022,114,0.06578188113098672,"2022/12/23 03:07:16","GISAID: https://www.gisaid.org/"
"Omicron BA.4",29,2022,173,0.0998268897864974,"2022/12/23 03:07:16","GISAID: https://www.gisaid.org/"
"Omicron (otros)",29,2022,193,0.11136757068667051,"2022/12/23 03:07:16","GISAID: https://www.gisaid.org/"
"Omicron BA.5",29,2022,1253,0.7230236583958454,"2022/12/23 03:07:16","GISAID: https://www.gisaid.org/"
"Omicron BA.1",30,2022,1,9.328358208955224e-4,"2022/12/23 03:07:16","GISAID: https://www.gisaid.org/"
"Omicron BA.2",30,2022,50,0.04664179104477612,"2022/12/23 03:07:16","GISAID: https://www.gisaid.org/"
"Omicron BA.4",30,2022,105,0.09794776119402986,"2022/12/23 03:07:16","GISAID: https://www.gisaid.org/"
"Omicron (otros)",30,2022,108,0.10074626865671642,"2022/12/23 03:07:16","GISAID: https://www.gisaid.org/"
"Omicron BA.5",30,2022,808,0.753731343283582,"2022/12/23 03:07:16","GISAID: https://www.gisaid.org/"
"Omicron BA.1",31,2022,1,9.267840593141798e-4,"2022/12/23 03:07:16","GISAID: https://www.gisaid.org/"
"Omicron BW.1",31,2022,1,9.267840593141798e-4,"2022/12/23 03:07:16","GISAID: https://www.gisaid.org/"
"Omicron BF.7",31,2022,2,0.0018535681186283596,"2022/12/23 03:07:16","GISAID: https://www.gisaid.org/"
"Omicron BA.2",31,2022,49,0.04541241890639481,"2022/12/23 03:07:16","GISAID: https://www.gisaid.org/"
"Omicron (otros)",31,2022,105,0.09731232622798888,"2022/12/23 03:07:16","GISAID: https://www.gisaid.org/"
"Omicron BA.4",31,2022,116,0.10750695088044486,"2022/12/23 03:07:16","GISAID: https://www.gisaid.org/"
"Omicron BA.5",31,2022,805,0.7460611677479148,"2022/12/23 03:07:16","GISAID: https://www.gisaid.org/"
"Omicron BF.7",32,2022,1,8.403361344537816e-4,"2022/12/23 03:07:16","GISAID: https://www.gisaid.org/"
"Omicron BW.1",32,2022,1,8.403361344537816e-4,"2022/12/23 03:07:16","GISAID: https://www.gisaid.org/"
"VOC Delta",32,2022,1,8.403361344537816e-4,"2022/12/23 03:07:16","GISAID: https://www.gisaid.org/"
"Omicron BA.1",32,2022,4,0.0033613445378151263,"2022/12/23 03:07:16","GISAID: https://www.gisaid.org/"
"Omicron BA.2",32,2022,19,0.015966386554621848,"2022/12/23 03:07:16","GISAID: https://www.gisaid.org/"
"Omicron BA.4",32,2022,93,0.07815126050420168,"2022/12/23 03:07:16","GISAID: https://www.gisaid.org/"
"Omicron (otros)",32,2022,133,0.11176470588235295,"2022/12/23 03:07:16","GISAID: https://www.gisaid.org/"
"Omicron BA.5",32,2022,938,0.788235294117647,"2022/12/23 03:07:16","GISAID: https://www.gisaid.org/"
"Omicron BW.1",33,2022,1,0.0011723329425556857,"2022/12/23 03:07:16","GISAID: https://www.gisaid.org/"
"Omicron BA.1",33,2022,3,0.0035169988276670576,"2022/12/23 03:07:16","GISAID: https://www.gisaid.org/"
"Omicron BA.2",33,2022,21,0.0246189917936694,"2022/12/23 03:07:16","GISAID: https://www.gisaid.org/"
"Omicron BA.4",33,2022,60,0.07033997655334115,"2022/12/23 03:07:16","GISAID: https://www.gisaid.org/"
"Omicron (otros)",33,2022,94,0.11019929660023446,"2022/12/23 03:07:16","GISAID: https://www.gisaid.org/"
"Omicron BA.5",33,2022,674,0.7901524032825322,"2022/12/23 03:07:16","GISAID: https://www.gisaid.org/"
"Omicron BA.1",34,2022,1,0.0013717421124828531,"2022/12/23 03:07:16","GISAID: https://www.gisaid.org/"
"Omicron BF.7",34,2022,2,0.0027434842249657062,"2022/12/23 03:07:16","GISAID: https://www.gisaid.org/"
"Omicron BW.1",34,2022,5,0.006858710562414266,"2022/12/23 03:07:16","GISAID: https://www.gisaid.org/"
"Omicron BA.2",34,2022,6,0.00823045267489712,"2022/12/23 03:07:16","GISAID: https://www.gisaid.org/"
"Omicron BA.4",34,2022,49,0.06721536351165981,"2022/12/23 03:07:16","GISAID: https://www.gisaid.org/"
"Omicron (otros)",34,2022,97,0.13305898491083676,"2022/12/23 03:07:16","GISAID: https://www.gisaid.org/"
"Omicron BA.5",34,2022,569,0.7805212620027435,"2022/12/23 03:07:16","GISAID: https://www.gisaid.org/"
"Omicron BA.1",35,2022,1,0.0020408163265306124,"2022/12/23 03:07:16","GISAID: https://www.gisaid.org/"
"Omicron BA.2.75",35,2022,1,0.0020408163265306124,"2022/12/23 03:07:16","GISAID: https://www.gisaid.org/"
"Omicron BA.2",35,2022,4,0.00816326530612245,"2022/12/23 03:07:16","GISAID: https://www.gisaid.org/"
"Omicron BW.1",35,2022,4,0.00816326530612245,"2022/12/23 03:07:16","GISAID: https://www.gisaid.org/"
"Omicron BA.4",35,2022,33,0.0673469387755102,"2022/12/23 03:07:16","GISAID: https://www.gisaid.org/"
"Omicron (otros)",35,2022,57,0.11632653061224489,"2022/12/23 03:07:16","GISAID: https://www.gisaid.org/"
"Omicron BA.5",35,2022,390,0.7959183673469388,"2022/12/23 03:07:16","GISAID: https://www.gisaid.org/"
"Omicron BA.1",36,2022,1,0.0028735632183908046,"2022/12/23 03:07:16","GISAID: https://www.gisaid.org/"
"Omicron BA.2",36,2022,1,0.0028735632183908046,"2022/12/23 03:07:16","GISAID: https://www.gisaid.org/"
"Omicron BW.1",36,2022,1,0.0028735632183908046,"2022/12/23 03:07:16","GISAID: https://www.gisaid.org/"
"Omicron BA.4",36,2022,18,0.05172413793103448,"2022/12/23 03:07:16","GISAID: https://www.gisaid.org/"
"Omicron (otros)",36,2022,47,0.13505747126436782,"2022/12/23 03:07:16","GISAID: https://www.gisaid.org/"
"Omicron BA.5",36,2022,280,0.8045977011494253,"2022/12/23 03:07:16","GISAID: https://www.gisaid.org/"
"Omicron BA.1",37,2022,1,0.004739336492890996,"2022/12/23 03:07:16","GISAID: https://www.gisaid.org/"
"Omicron BA.2",37,2022,2,0.009478672985781991,"2022/12/23 03:07:16","GISAID: https://www.gisaid.org/"
"Omicron BF.7",37,2022,2,0.009478672985781991,"2022/12/23 03:07:16","GISAID: https://www.gisaid.org/"
"Omicron BW.1",37,2022,4,0.018957345971563982,"2022/12/23 03:07:16","GISAID: https://www.gisaid.org/"
"Omicron BA.4",37,2022,9,0.04265402843601896,"2022/12/23 03:07:16","GISAID: https://www.gisaid.org/"
"Omicron (otros)",37,2022,19,0.09004739336492891,"2022/12/23 03:07:16","GISAID: https://www.gisaid.org/"
"Omicron BA.5",37,2022,174,0.8246445497630331,"2022/12/23 03:07:16","GISAID: https://www.gisaid.org/"
"Omicron BF.7",38,2022,1,0.0036496350364963502,"2022/12/23 03:07:16","GISAID: https://www.gisaid.org/"
"Omicron BQ.1 ('Typhon')",38,2022,1,0.0036496350364963502,"2022/12/23 03:07:16","GISAID: https://www.gisaid.org/"
"Omicron BQ.1.1 ('Cerberus')",38,2022,1,0.0036496350364963502,"2022/12/23 03:07:16","GISAID: https://www.gisaid.org/"
"Omicron BA.2",38,2022,2,0.0072992700729927005,"2022/12/23 03:07:16","GISAID: https://www.gisaid.org/"
"Omicron BA.2.75",38,2022,2,0.0072992700729927005,"2022/12/23 03:07:16","GISAID: https://www.gisaid.org/"
"Omicron BW.1",38,2022,6,0.021897810218978103,"2022/12/23 03:07:16","GISAID: https://www.gisaid.org/"
"Omicron BA.4",38,2022,12,0.043795620437956206,"2022/12/23 03:07:16","GISAID: https://www.gisaid.org/"
"Omicron (otros)",38,2022,40,0.145985401459854,"2022/12/23 03:07:16","GISAID: https://www.gisaid.org/"
"Omicron BA.5",38,2022,209,0.7627737226277372,"2022/12/23 03:07:16","GISAID: https://www.gisaid.org/"
"Omicron BA.2",39,2022,1,0.0049261083743842365,"2022/12/23 03:07:16","GISAID: https://www.gisaid.org/"
"Omicron BF.7",39,2022,1,0.0049261083743842365,"2022/12/23 03:07:16","GISAID: https://www.gisaid.org/"
"Omicron BQ.1.1 ('Cerberus')",39,2022,1,0.0049261083743842365,"2022/12/23 03:07:16","GISAID: https://www.gisaid.org/"
"Omicron BA.1",39,2022,2,0.009852216748768473,"2022/12/23 03:07:16","GISAID: https://www.gisaid.org/"
"Omicron BA.2.75",39,2022,2,0.009852216748768473,"2022/12/23 03:07:16","GISAID: https://www.gisaid.org/"
"Omicron BW.1",39,2022,9,0.04433497536945813,"2022/12/23 03:07:16","GISAID: https://www.gisaid.org/"
"Omicron BA.4",39,2022,14,0.06896551724137931,"2022/12/23 03:07:16","GISAID: https://www.gisaid.org/"
"Omicron (otros)",39,2022,27,0.1330049261083744,"2022/12/23 03:07:16","GISAID: https://www.gisaid.org/"
"Omicron BA.5",39,2022,146,0.7192118226600985,"2022/12/23 03:07:16","GISAID: https://www.gisaid.org/"
"Omicron BQ.1 ('Typhon')",40,2022,1,0.006060606060606061,"2022/12/23 03:07:16","GISAID: https://www.gisaid.org/"
"Omicron BA.2.75",40,2022,4,0.024242424242424242,"2022/12/23 03:07:16","GISAID: https://www.gisaid.org/"
"Omicron BA.4",40,2022,4,0.024242424242424242,"2022/12/23 03:07:16","GISAID: https://www.gisaid.org/"
"Omicron BQ.1.1 ('Cerberus')",40,2022,6,0.03636363636363636,"2022/12/23 03:07:16","GISAID: https://www.gisaid.org/"
"Omicron (otros)",40,2022,14,0.08484848484848485,"2022/12/23 03:07:16","GISAID: https://www.gisaid.org/"
"Omicron BW.1",40,2022,22,0.13333333333333333,"2022/12/23 03:07:16","GISAID: https://www.gisaid.org/"
"Omicron BA.5",40,2022,114,0.6909090909090909,"2022/12/23 03:07:16","GISAID: https://www.gisaid.org/"
"Omicron BA.2.75",41,2022,1,0.008264462809917356,"2022/12/23 03:07:16","GISAID: https://www.gisaid.org/"
"Omicron BA.1",41,2022,2,0.01652892561983471,"2022/12/23 03:07:16","GISAID: https://www.gisaid.org/"
"Omicron BA.2",41,2022,2,0.01652892561983471,"2022/12/23 03:07:16","GISAID: https://www.gisaid.org/"
"Omicron BQ.1.1 ('Cerberus')",41,2022,3,0.024793388429752067,"2022/12/23 03:07:16","GISAID: https://www.gisaid.org/"
"Omicron BF.7",41,2022,4,0.03305785123966942,"2022/12/23 03:07:16","GISAID: https://www.gisaid.org/"
"Omicron BQ.1 ('Typhon')",41,2022,4,0.03305785123966942,"2022/12/23 03:07:16","GISAID: https://www.gisaid.org/"
"Omicron BA.4",41,2022,12,0.09917355371900827,"2022/12/23 03:07:16","GISAID: https://www.gisaid.org/"
"Omicron (otros)",41,2022,17,0.14049586776859505,"2022/12/23 03:07:16","GISAID: https://www.gisaid.org/"
"Omicron BW.1",41,2022,19,0.15702479338842976,"2022/12/23 03:07:16","GISAID: https://www.gisaid.org/"
"Omicron BA.5",41,2022,57,0.47107438016528924,"2022/12/23 03:07:16","GISAID: https://www.gisaid.org/"
"Omicron BA.1",42,2022,2,0.015748031496062992,"2022/12/23 03:07:16","GISAID: https://www.gisaid.org/"
"Omicron BA.2",42,2022,2,0.015748031496062992,"2022/12/23 03:07:16","GISAID: https://www.gisaid.org/"
"Omicron BA.2.75",42,2022,3,0.023622047244094488,"2022/12/23 03:07:16","GISAID: https://www.gisaid.org/"
"Omicron BF.7",42,2022,4,0.031496062992125984,"2022/12/23 03:07:16","GISAID: https://www.gisaid.org/"
"Omicron BQ.1 ('Typhon')",42,2022,4,0.031496062992125984,"2022/12/23 03:07:16","GISAID: https://www.gisaid.org/"
"Omicron BQ.1.1 ('Cerberus')",42,2022,4,0.031496062992125984,"2022/12/23 03:07:16","GISAID: https://www.gisaid.org/"
"Omicron BA.4",42,2022,6,0.047244094488188976,"2022/12/23 03:07:16","GISAID: https://www.gisaid.org/"
"Omicron (otros)",42,2022,18,0.14173228346456693,"2022/12/23 03:07:16","GISAID: https://www.gisaid.org/"
"Omicron BW.1",42,2022,23,0.18110236220472442,"2022/12/23 03:07:16","GISAID: https://www.gisaid.org/"
"Omicron BA.5",42,2022,61,0.48031496062992124,"2022/12/23 03:07:16","GISAID: https://www.gisaid.org/"
"Omicron BA.1",43,2022,1,0.007142857142857143,"2022/12/23 03:07:16","GISAID: https://www.gisaid.org/"
"Omicron BN.1",43,2022,1,0.007142857142857143,"2022/12/23 03:07:16","GISAID: https://www.gisaid.org/"
"Omicron BA.2.75",43,2022,2,0.014285714285714285,"2022/12/23 03:07:16","GISAID: https://www.gisaid.org/"
"Omicron BF.7",43,2022,2,0.014285714285714285,"2022/12/23 03:07:16","GISAID: https://www.gisaid.org/"
"Omicron BA.4",43,2022,3,0.02142857142857143,"2022/12/23 03:07:16","GISAID: https://www.gisaid.org/"
"Omicron BQ.1 ('Typhon')",43,2022,8,0.05714285714285714,"2022/12/23 03:07:16","GISAID: https://www.gisaid.org/"
"Omicron BQ.1.1 ('Cerberus')",43,2022,15,0.10714285714285714,"2022/12/23 03:07:16","GISAID: https://www.gisaid.org/"
"Omicron (otros)",43,2022,21,0.15,"2022/12/23 03:07:16","GISAID: https://www.gisaid.org/"
"Omicron BW.1",43,2022,31,0.22142857142857142,"2022/12/23 03:07:16","GISAID: https://www.gisaid.org/"
"Omicron BA.5",43,2022,56,0.4,"2022/12/23 03:07:16","GISAID: https://www.gisaid.org/"
"Omicron BA.1",44,2022,2,0.014184397163120567,"2022/12/23 03:07:16","GISAID: https://www.gisaid.org/"
"Omicron BA.4",44,2022,2,0.014184397163120567,"2022/12/23 03:07:16","GISAID: https://www.gisaid.org/"
"Omicron BF.7",44,2022,4,0.028368794326241134,"2022/12/23 03:07:16","GISAID: https://www.gisaid.org/"
"Omicron BA.2.75",44,2022,5,0.03546099290780142,"2022/12/23 03:07:16","GISAID: https://www.gisaid.org/"
"Omicron BQ.1 ('Typhon')",44,2022,14,0.09929078014184398,"2022/12/23 03:07:16","GISAID: https://www.gisaid.org/"
"Omicron BQ.1.1 ('Cerberus')",44,2022,14,0.09929078014184398,"2022/12/23 03:07:16","GISAID: https://www.gisaid.org/"
"Omicron (otros)",44,2022,16,0.11347517730496454,"2022/12/23 03:07:16","GISAID: https://www.gisaid.org/"
"Omicron BA.5",44,2022,37,0.2624113475177305,"2022/12/23 03:07:16","GISAID: https://www.gisaid.org/"
"Omicron BW.1",44,2022,47,0.3333333333333333,"2022/12/23 03:07:16","GISAID: https://www.gisaid.org/"
"Omicron BA.2",45,2022,2,0.008333333333333333,"2022/12/23 03:07:16","GISAID: https://www.gisaid.org/"
"Omicron XBB",45,2022,2,0.008333333333333333,"2022/12/23 03:07:16","GISAID: https://www.gisaid.org/"
"Omicron BF.7",45,2022,4,0.016666666666666666,"2022/12/23 03:07:16","GISAID: https://www.gisaid.org/"
"Omicron BA.4",45,2022,5,0.020833333333333332,"2022/12/23 03:07:16","GISAID: https://www.gisaid.org/"
"Omicron BA.2.75",45,2022,6,0.025,"2022/12/23 03:07:16","GISAID: https://www.gisaid.org/"
"Omicron (otros)",45,2022,21,0.0875,"2022/12/23 03:07:16","GISAID: https://www.gisaid.org/"
"Omicron BQ.1 ('Typhon')",45,2022,24,0.1,"2022/12/23 03:07:16","GISAID: https://www.gisaid.org/"
"Omicron BQ.1.1 ('Cerberus')",45,2022,50,0.20833333333333334,"2022/12/23 03:07:16","GISAID: https://www.gisaid.org/"
"Omicron BA.5",45,2022,56,0.23333333333333334,"2022/12/23 03:07:16","GISAID: https://www.gisaid.org/"
"Omicron BW.1",45,2022,70,0.2916666666666667,"2022/12/23 03:07:16","GISAID: https://www.gisaid.org/"
"Omicron BA.2",46,2022,1,0.003861003861003861,"2022/12/23 03:07:16","GISAID: https://www.gisaid.org/"
"Omicron BN.1",46,2022,2,0.007722007722007722,"2022/12/23 03:07:16","GISAID: https://www.gisaid.org/"
"Omicron BA.4",46,2022,5,0.019305019305019305,"2022/12/23 03:07:16","GISAID: https://www.gisaid.org/"
"Omicron BF.7",46,2022,6,0.023166023166023165,"2022/12/23 03:07:16","GISAID: https://www.gisaid.org/"
"Omicron XBB",46,2022,9,0.03474903474903475,"2022/12/23 03:07:16","GISAID: https://www.gisaid.org/"
"Omicron BA.2.75",46,2022,11,0.04247104247104247,"2022/12/23 03:07:16","GISAID: https://www.gisaid.org/"
"Omicron BQ.1 ('Typhon')",46,2022,16,0.06177606177606178,"2022/12/23 03:07:16","GISAID: https://www.gisaid.org/"
"Omicron (otros)",46,2022,19,0.07335907335907337,"2022/12/23 03:07:16","GISAID: https://www.gisaid.org/"
"Omicron BA.5",46,2022,34,0.13127413127413126,"2022/12/23 03:07:16","GISAID: https://www.gisaid.org/"
"Omicron BQ.1.1 ('Cerberus')",46,2022,58,0.22393822393822393,"2022/12/23 03:07:16","GISAID: https://www.gisaid.org/"
"Omicron BW.1",46,2022,98,0.3783783783783784,"2022/12/23 03:07:16","GISAID: https://www.gisaid.org/"
"Omicron BA.2",47,2022,1,0.0034965034965034965,"2022/12/23 03:07:16","GISAID: https://www.gisaid.org/"
"Omicron BA.4",47,2022,3,0.01048951048951049,"2022/12/23 03:07:16","GISAID: https://www.gisaid.org/"
"Omicron BF.7",47,2022,5,0.017482517482517484,"2022/12/23 03:07:16","GISAID: https://www.gisaid.org/"
"Omicron BA.2.75",47,2022,8,0.027972027972027972,"2022/12/23 03:07:16","GISAID: https://www.gisaid.org/"
"Omicron XBB",47,2022,9,0.03146853146853147,"2022/12/23 03:07:16","GISAID: https://www.gisaid.org/"
"Omicron (otros)",47,2022,23,0.08041958041958042,"2022/12/23 03:07:16","GISAID: https://www.gisaid.org/"
"Omicron BQ.1 ('Typhon')",47,2022,37,0.12937062937062938,"2022/12/23 03:07:16","GISAID: https://www.gisaid.org/"
"Omicron BA.5",47,2022,41,0.14335664335664336,"2022/12/23 03:07:16","GISAID: https://www.gisaid.org/"
"Omicron BW.1",47,2022,79,0.2762237762237762,"2022/12/23 03:07:16","GISAID: https://www.gisaid.org/"
"Omicron BQ.1.1 ('Cerberus')",47,2022,80,0.27972027972027974,"2022/12/23 03:07:16","GISAID: https://www.gisaid.org/"
"Omicron BA.4",48,2022,1,0.005952380952380952,"2022/12/23 03:07:16","GISAID: https://www.gisaid.org/"
"Omicron BF.7",48,2022,5,0.02976190476190476,"2022/12/23 03:07:16","GISAID: https://www.gisaid.org/"
"Omicron BA.2.75",48,2022,8,0.047619047619047616,"2022/12/23 03:07:16","GISAID: https://www.gisaid.org/"
"Omicron XBB",48,2022,9,0.05357142857142857,"2022/12/23 03:07:16","GISAID: https://www.gisaid.org/"
"Omicron BW.1",48,2022,12,0.07142857142857142,"2022/12/23 03:07:16","GISAID: https://www.gisaid.org/"
"Omicron (otros)",48,2022,14,0.08333333333333333,"2022/12/23 03:07:16","GISAID: https://www.gisaid.org/"
"Omicron BA.5",48,2022,18,0.10714285714285714,"2022/12/23 03:07:16","GISAID: https://www.gisaid.org/"
"Omicron BQ.1 ('Typhon')",48,2022,18,0.10714285714285714,"2022/12/23 03:07:16","GISAID: https://www.gisaid.org/"
"Omicron BQ.1.1 ('Cerberus')",48,2022,83,0.49404761904761907,"2022/12/23 03:07:16","GISAID: https://www.gisaid.org/"
"Omicron BQ.1.1 ('Cerberus')",49,2022,1,1,"2022/12/23 03:07:16","GISAID: https://www.gisaid.org/"
